{"cameraMode":{"drawMode":0,"name":"Shaded","section":"Shading Mode"},"sceneLighting":true,"audioPlay":false,"sceneViewState":{"showFog":true,"showMaterialUpdate":true,"showSkybox":true,"showFlares":true,"showImageEffects":true,"showParticleSystems":true},"in2DMode":false,"pivot":{"x":2.027632236480713,"y":2.2371363639831545,"z":13.137293815612793},"rotation":{"x":0.10433483868837357,"y":-0.8882207274436951,"z":0.37135279178619387,"w":0.24955406785011292},"size":8.618045806884766,"orthographic":false}