{"cameraMode":{"drawMode":0,"name":"Shaded","section":"Shading Mode"},"sceneLighting":true,"audioPlay":false,"sceneViewState":{"showFog":true,"showMaterialUpdate":false,"showSkybox":true,"showFlares":true,"showImageEffects":true,"showParticleSystems":true},"in2DMode":false,"pivot":{"x":3.2139463424682619,"y":-1.7288086414337159,"z":1.6087570190429688},"rotation":{"x":0.10553651303052902,"y":0.8923909664154053,"z":-0.34080779552459719,"w":0.27634289860725405},"size":3.269810914993286,"orthographic":true}