{"cameraMode":{"drawMode":0,"name":"Shaded","section":"Shading Mode"},"sceneLighting":true,"audioPlay":false,"sceneViewState":{"showFog":true,"showMaterialUpdate":false,"showSkybox":false,"showFlares":true,"showImageEffects":true,"showParticleSystems":true},"in2DMode":false,"pivot":{"x":15.370597839355469,"y":1.6639480590820313,"z":4.674753189086914},"rotation":{"x":-0.1231093630194664,"y":0.8768842816352844,"z":-0.3303717374801636,"w":-0.3267613649368286},"size":9.600500106811524,"orthographic":false}