{"cameraMode":{"drawMode":0,"name":"Shaded","section":"Shading Mode"},"sceneLighting":true,"audioPlay":false,"sceneViewState":{"showFog":true,"showMaterialUpdate":false,"showSkybox":true,"showFlares":true,"showImageEffects":true,"showParticleSystems":true},"in2DMode":false,"pivot":{"x":4.666647911071777,"y":-5.5553388595581059,"z":1.159276008605957},"rotation":{"x":-0.11571821570396424,"y":0.8821628093719482,"z":-0.35368746519088747,"w":-0.2886228561401367},"size":14.792267799377442,"orthographic":false}