{"cameraMode":{"drawMode":0,"name":"Shaded","section":"Shading Mode"},"sceneLighting":true,"audioPlay":false,"sceneViewState":{"showFog":true,"showMaterialUpdate":false,"showSkybox":true,"showFlares":true,"showImageEffects":true,"showParticleSystems":true},"in2DMode":false,"pivot":{"x":-0.21329906582832337,"y":-0.38950395584106448,"z":0.5922557711601257},"rotation":{"x":-0.10273350030183792,"y":0.8927202820777893,"z":-0.2589394152164459,"w":-0.3541842997074127},"size":12.611612319946289,"orthographic":false}